License Plate No.,Time,car_type,Brand,Color,Camera_Entrance,Camera_Exit
1ขย1051,1,SUV/MPV,Mazda,White,CAM1,CAM2
4กข7761,1,Saloon,Suzuki,White,CAM1,CAM2
9กบ9852,1,SUV/MPV,Honda,White,CAM1,CAM2
1ขย1051,1,SUV/MPV,Mazda,White,CAM1,CAM2
1ขย1051,1,SUV/MPV,Mazda,White,CAM1,CAM2
2กต2776,1,Saloon,Honda,White,CAM1,CAM4
8กฒ3041,1,SUV/MPV,Mazda,White,CAM1,CAM2
ขษ3557,1,SUV/MPV,Nissan/Mitsubishi,White,CAM1,CAM2
1กผ3084,1,SUV/MPV,Nissan/Mitsubishi,White,CAM1,CAM4
ขก2435,1,SUV/MPV,Nissan/Mitsubishi,White,CAM1,CAM2
ขษ3557,1,Saloon,Nissan/Mitsubishi,White,CAM1,CAM2
1ขย1051,2,SUV/MPV,Mazda,White,CAM1,CAM2
1ขย1051,2,SUV/MPV,Mazda,White,CAM1,CAM2
3ขฒ7296,2,Saloon,Nissan/Mitsubishi,White,CAM1,CAM4
3ขฒ7296,2,Saloon,Nissan/Mitsubishi,White,CAM1,CAM4
1กญ6268,2,SUV/MPV,Toyota,Black/Gray,CAM1,CAM4
2กฌ5001,2,SUV/MPV,Mazda,Black/Gray,CAM1,CAM4
7กพ4033,2,SUV/MPV,Mazda,Black/Gray,CAM1,CAM2
1กร1415,3,SUV/MPV,Honda,White,CAM1,CAM2
1ขฉ7819,3,Saloon,Nissan/Mitsubishi,Black/Gray,CAM1,CAM4
7กฒ2076,3,Saloon,Honda,White,CAM1,CAM4
7กฒ2076,3,Saloon,Honda,White,CAM1,CAM4
5กฆ3854,3,Saloon,Toyota,White,CAM1,CAM2
7กฒ2076,3,Saloon,Honda,White,CAM1,CAM2
2ขพ8462,3,Saloon,Honda,Black/Gray,CAM1,CAM4
7กฒ2076,3,Saloon,Honda,White,CAM1,CAM2
4กข7761,3,SUV/MPV,Suzuki,White,CAM1,CAM2
2กฌ5001,3,SUV/MPV,Mazda,Black/Gray,CAM1,CAM4
4กพ3258,3,SUV/MPV,Honda,White,CAM1,CAM4
5กฎ4791,3,SUV/MPV,Mazda,White,CAM1,CAM4
2ขพ8462,4,Saloon,Honda,White,CAM1,CAM4
7กฒ2076,4,Saloon,Honda,White,CAM1,CAM4
2ขน4732,4,SUV/MPV,Toyota,Black/Gray,CAM1,CAM4
2ขพ8462,4,Saloon,Honda,Black/Gray,CAM1,CAM2
2ขต5199,4,Saloon,Honda,White,CAM1,CAM4
2ฒส7550,4,SUV/MPV,Toyota,Black/Gray,CAM1,CAM2
7กฒ2076,4,Saloon,Honda,White,CAM1,CAM2
4กล971,4,Saloon,Honda,White,CAM1,CAM2
3ฒภ8973,4,SUV/MPV,Toyota,White,CAM1,CAM4
6กย5184,5,SUV/MPV,Toyota,White,CAM1,CAM6
3กญ2023,5,SUV/MPV,Mazda,White,CAM1,CAM2
2กต2612,5,Saloon,Honda,White,CAM1,CAM2
8กฎ2830,5,Saloon,Ford,Black/Gray,CAM1,CAM2
7กญ1605,5,SUV/MPV,Honda,White,CAM1,CAM4
3ฒภ9952,5,SUV/MPV,Toyota,White,CAM1,CAM4
2ฒฐ6435,5,SUV/MPV,Toyota,White,CAM1,CAM4
2กด3337,5,Saloon,Toyota,White,CAM1,CAM2
2กก8750,5,SUV/MPV,Honda,White,CAM1,CAM2
3กอ9892,5,Saloon,Mazda,White,CAM1,CAM2
2ขง4798,6,SUV/MPV,Mazda,Red,CAM1,CAM2
1กญ6268,6,SUV/MPV,Toyota,Black/Gray,CAM1,CAM2
2ฒส7550,6,SUV/MPV,Toyota,Black/Gray,CAM1,CAM2
2กต2612,6,Saloon,Honda,White,CAM1,CAM2
3กพ2899,6,Saloon,Toyota,Blue/Dark Blue,CAM1,CAM2
9กต8715,6,Saloon,Toyota,White,CAM1,CAM2
3ฒท3543,6,SUV/MPV,Toyota,White,CAM1,CAM4
1ขบ7415,6,SUV/MPV,Honda,White,CAM1,CAM4
3ขฒ7296,6,SUV/MPV,Nissan/Mitsubishi,White,CAM1,CAM4
5กฎ1419,7,Saloon,Honda,White,CAM1,CAM2
2ฒศ3798,7,SUV/MPV,Toyota,White,CAM1,CAM2
2กข4071,7,Saloon,Toyota,White,CAM1,CAM2
2กย1598,7,Saloon,Toyota,Black/Gray,CAM1,CAM2
3กผ4772,7,Saloon,Toyota,White,CAM1,CAM2
8กค6422,7,SUV/MPV,Mazda,White,CAM1,CAM2
2กผ8227,7,SUV/MPV,Honda,Black/Gray,CAM1,CAM4
7กท2198,7,SUV/MPV,Nissan/Mitsubishi,White,CAM1,CAM4
7กฎ7608,7,SUV/MPV,Honda,Black/Gray,CAM1,CAM2
1กค9729,7,Saloon,Honda,White,CAM1,CAM4
1กญ6268,7,SUV/MPV,Toyota,Black/Gray,CAM1,CAM4
3กภ8475,7,Saloon,Toyota,White,CAM1,CAM2
4กต7370,8,Saloon,Toyota,Black/Gray,CAM1,CAM2
3กผ4772,8,Saloon,Toyota,White,CAM1,CAM2
2ฒส7550,8,SUV/MPV,Toyota,Black/Gray,CAM1,CAM4
6กภ6815,8,Saloon,Toyota,White,CAM1,CAM4
4กง5517,8,SUV/MPV,Mazda,White,CAM1,CAM2
1ขห2027,8,SUV/MPV,Toyota,Black/Gray,CAM1,CAM4
3กต7718,8,SUV/MPV,Ford,White,CAM1,CAM2
7กบ747,8,SUV/MPV,Mazda,Black/Gray,CAM1,CAM2
1ขบ7415,8,SUV/MPV,Honda,White,CAM1,CAM4
7กญ1605,9,SUV/MPV,Honda,White,CAM1,CAM4
1ขห2027,9,SUV/MPV,Toyota,Black/Gray,CAM1,CAM4
1ขน9019,9,Saloon,Toyota,White,CAM1,CAM4
6กส6027,9,Saloon,Toyota,White,CAM1,CAM4
3ขฒ7296,9,SUV/MPV,Nissan/Mitsubishi,White,CAM1,CAM2
1ขบ7415,9,SUV/MPV,Honda,White,CAM1,CAM4
2กต2612,9,Saloon,Honda,White,CAM1,CAM2
9กต8715,9,Saloon,Toyota,White,CAM1,CAM2
2กต2612,9,Saloon,Honda,White,CAM1,CAM2
8กฮ2438,10,SUV/MPV,Toyota,White,CAM1,CAM2
7กบ747,10,SUV/MPV,Mazda,Black/Gray,CAM1,CAM2
6กร2731,10,SUV/MPV,Mazda,Black/Gray,CAM1,CAM2
9กผ9833,10,SUV/MPV,Honda,Black/Gray,CAM1,CAM2
3กถ3256,10,Saloon,Nissan/Mitsubishi,White,CAM1,CAM2
2ฒส7550,10,SUV/MPV,Toyota,Black/Gray,CAM1,CAM2
3กบ6679,10,SUV/MPV,Toyota,White,CAM1,CAM2
8กภ9895,10,SUV/MPV,Toyota,White,CAM1,CAM4
3กญ2023,10,SUV/MPV,Mazda,White,CAM1,CAM6
7กฒ2076,10,Saloon,Honda,White,CAM1,CAM4
3กน4842,11,Saloon,Toyota,White,CAM1,CAM2
1ฒต4449,11,SUV/MPV,Toyota,Blue/Dark Blue,CAM1,CAM4
1กฆ6039,11,SUV/MPV,Suzuki,White,CAM1,CAM2
2กก8750,11,SUV/MPV,Honda,White,CAM1,CAM2
3กผ4772,11,Saloon,Toyota,White,CAM1,CAM2
7กบ6244,11,SUV/MPV,Mazda,Red,CAM1,CAM2
2ขต5199,11,Saloon,Honda,White,CAM1,CAM2
7กฎ7608,11,SUV/MPV,Honda,Black/Gray,CAM1,CAM4
6กข3667,11,Saloon,Nissan/Mitsubishi,White,CAM1,CAM2
2ขน4732,11,SUV/MPV,Toyota,Black/Gray,CAM1,CAM2
7กบ6244,11,SUV/MPV,Honda,Red,CAM1,CAM2
2ขน4732,12,Saloon,Toyota,Black/Gray,CAM1,CAM4
7กฎ7608,12,SUV/MPV,Honda,Black/Gray,CAM1,CAM2
1กฆ6039,12,SUV/MPV,Suzuki,White,CAM1,CAM2
3กถ3256,12,Saloon,Nissan/Mitsubishi,White,CAM1,CAM2
2ขณ3524,12,SUV/MPV,Toyota,White,CAM1,CAM2
2ฒส7550,12,SUV/MPV,Toyota,Black/Gray,CAM1,CAM4
3กธ5609,12,Saloon,Toyota,White,CAM1,CAM2
3ขฒ929,12,Saloon,Honda,White,CAM1,CAM2
1กฆ6039,12,SUV/MPV,Suzuki,White,CAM1,CAM2
1กจ6628,12,Saloon,Honda,White,CAM1,CAM2
5กด2042,12,Saloon,Honda,White,CAM1,CAM2
6กร2731,13,SUV/MPV,Mazda,Black/Gray,CAM1,CAM2
1ขบ3603,13,Saloon,Nissan/Mitsubishi,White,CAM1,CAM2
4กฐ6013,13,SUV/MPV,Mazda,Red,CAM1,CAM2
8กพ7367,13,Saloon,Nissan/Mitsubishi,Black/Gray,CAM1,CAM2
1ขพ7655,13,Saloon,Toyota,Black/Gray,CAM1,CAM2
2ฒง7251,13,SUV/MPV,Toyota,White,CAM1,CAM2
3กญ2023,13,SUV/MPV,Mazda,Red,CAM1,CAM2
6กร2731,13,SUV/MPV,Honda,Green,CAM1,CAM2
1ขก1945,14,SUV/MPV,Honda,Green,CAM1,CAM2
5ผค3102,14,SUV/MPV,Honda,White,CAM1,CAM4
8บร4679,14,SUV/MPV,Toyota,Green,CAM1,CAM2
8กฐ3286,14,SUV/MPV,Toyota,White,CAM1,CAM4
9กบ5059,14,SUV/MPV,Mazda,White,CAM1,CAM2
6ขล8418,14,Saloon,Honda,Black/Gray,CAM1,CAM4
5บห7707,14,Truck,Mazda,White,CAM1,CAM2
2ผต1483,14,Truck,Mazda,Blue/Dark Blue,CAM1,CAM2
4กอ4926,14,SUV/MPV,Suzuki,White,CAM1,CAM2
8กญ3894,14,SUV/MPV,Suzuki,White,CAM1,CAM2
8กร4606,14,SUV/MPV,Toyota,Yellow,CAM1,CAM2
6บข4219,14,Saloon,Toyota,White,CAM1,CAM2
3กญ2023,14,SUV/MPV,Mazda,White,CAM1,CAM2
1กท8334,14,Saloon,Toyota,White,CAM1,CAM2
4กภ9462,14,SUV/MPV,Toyota,White,CAM1,CAM4
ขษ3557,1,SUV/MPV,Nissan/Mitsubishi,White,CAM1,CAM2
ขก1536,12,SUV/MPV,Honda,Black/Gray,CAM1,CAM2
6กพ7769,12,Saloon,Honda,Black/Gray,CAM1,CAM4
กฉ6745,11,SUV/MPV,Honda,Black/Gray,CAM1,CAM2
กต854,11,SUV/MPV,Honda,Black/Gray,CAM1,CAM2
กท5780,11,Saloon,Honda,Black/Gray,CAM1,CAM4
ฎผ6550,2,SUV/MPV,Nissan/Mitsubishi,White,CAM1,CAM4
กต4472,5,Saloon,Honda,Black/Gray,CAM1,CAM4
กง3005,4,Saloon,Honda,White,CAM1,CAM4
ขก2435,10,SUV/MPV,Nissan/Mitsubishi,White,CAM1,CAM2
ขก5139,4,Saloon,Honda,White,CAM1,CAM4
ผจ9585,4,SUV/MPV,Toyota,White,CAM1,CAM4
กม6715,3,SUV/MPV,Honda,Black/Gray,CAM1,CAM4
กต6778,2,Saloon,Honda,Black/Gray,CAM1,CAM6
กต4472,2,Saloon,Honda,Black/Gray,CAM1,CAM4
กย8542,2,Saloon,Honda,White,CAM1,CAM4
8กฮ2630,2,SUV/MPV,Honda,Black/Gray,CAM1,CAM4
งฉ260,11,Saloon,Nissan/Mitsubishi,White,CAM1,CAM4
กง3482,1,Saloon,Honda,White,CAM1,CAM4
ขข4371,1,Saloon,Honda,Black/Gray,CAM1,CAM2
กอ6962,2,SUV/MPV,Nissan/Mitsubishi,White,CAM1,CAM4
ผท4964,3,SUV/MPV,Toyota,Black/Gray,CAM1,CAM2
บร7600,3,SUV/MPV,Nissan/Mitsubishi,Black/Gray,CAM1,CAM4
ขก2435,5,SUV/MPV,Nissan/Mitsubishi,White,CAM1,CAM2
ขง6211,3,Saloon,Honda,White,CAM1,CAM4
กย2365,2,Saloon,Honda,White,CAM1,CAM2
กต4472,2,Saloon,Honda,Black/Gray,CAM1,CAM4
กย8542,2,Saloon,Honda,White,CAM1,CAM4
8กฮ2630,2,SUV/MPV,Honda,Black/Gray,CAM1,CAM4
ขย3439,1,SUV/MPV,Honda,Black/Gray,CAM1,CAM2
กย6535,1,Saloon,Honda,Black/Gray,CAM1,CAM2
4กม7923,1,Saloon,Honda,Black/Gray,CAM1,CAM2
กน6244,11,Saloon,Honda,Black/Gray,CAM1,CAM4
กท177,11,Truck,Toyota,Black/Gray,CAM1,CAM4
ขพ2243,10,SUV/MPV,Toyota,Black/Gray,CAM1,CAM4
กน8652,10,Saloon,Honda,Black/Gray,CAM1,CAM4
กจ8049,10,Saloon,Honda,Black/Gray,CAM1,CAM4
ขค148,10,SUV/MPV,Nissan/Mitsubishi,White,CAM1,CAM4
5กม9009,10,Saloon,Honda,Black/Gray,CAM1,CAM4
5กส8646,9,SUV/MPV,Honda,Black/Gray,CAM1,CAM10
กฉ6745,9,SUV/MPV,Honda,Black/Gray,CAM1,CAM6
กอ6962,2,SUV/MPV,Nissan/Mitsubishi,White,CAM1,CAM4
ขร2436,8,SUV/MPV,Honda,White,CAM1,CAM4
กย9553,7,Saloon,Honda,White,CAM1,CAM4
กษ4467,7,SUV/MPV,Honda,White,CAM1,CAM4
7กม185,7,SUV/MPV,Honda,Black/Gray,CAM1,CAM4
ขข4371,6,Saloon,Honda,Black/Gray,CAM1,CAM4
กษ1404,3,SUV/MPV,Nissan/Mitsubishi,Black/Gray,CAM1,CAM4
ขย3439,6,SUV/MPV,Honda,Black/Gray,CAM1,CAM2
กน1915,5,Saloon,Honda,White,CAM1,CAM4
ผจ720,5,SUV/MPV,Toyota,White,CAM1,CAM4
2ขพ8462,3,Saloon,Honda,Black/Gray,CAM1,CAM2
ขก2435,3,SUV/MPV,Nissan/Mitsubishi,White,CAM1,CAM2
ฎผ6550,5,SUV/MPV,Nissan/Mitsubishi,White,CAM1,CAM4
กข5054,2,Saloon,Honda,Black/Gray,CAM1,CAM4
กย8542,1,Saloon,Honda,White,CAM1,CAM4
กฉ2595,1,SUV/MPV,Honda,White,CAM1,CAM4
กฉ6745,13,SUV/MPV,Honda,Black/Gray,CAM1,CAM2
2กง9412,13,SUV/MPV,Suzuki,White,CAM1,CAM4
บร136,6,SUV/MPV,Nissan/Mitsubishi,Black/Gray,CAM1,CAM4
ขค7432,13,Saloon,Honda,White,CAM1,CAM2
ผท4919,7,SUV/MPV,Nissan/Mitsubishi,Black/Gray,CAM1,CAM4
ขก1536,12,SUV/MPV,Honda,Black/Gray,CAM1,CAM4
ขค386,12,Saloon,Honda,White,CAM1,CAM4
ฌย5092,12,Saloon,Honda,Black/Gray,CAM1,CAM4
งฉ260,10,Saloon,Nissan/Mitsubishi,White,CAM1,CAM4
ขย6505,12,SUV/MPV,Suzuki,Red,CAM1,CAM2
กม8331,13,SUV/MPV,Nissan/Mitsubishi,White,CAM1,CAM4
ขค7432,6,Saloon,Honda,White,CAM1,CAM4
กย1575,6,SUV/MPV,Suzuki,White,CAM1,CAM2
ผท4964,6,SUV/MPV,Toyota,Black/Gray,CAM1,CAM2
ผจ9585,5,SUV/MPV,Toyota,White,CAM1,CAM4
กอ6962,2,SUV/MPV,Nissan/Mitsubishi,White,CAM1,CAM4
2ขพ8462,4,Saloon,Honda,Black/Gray,CAM1,CAM2
ผจ9585,4,SUV/MPV,Toyota,White,CAM1,CAM4
กษ1404,2,SUV/MPV,Nissan/Mitsubishi,Black/Gray,CAM1,CAM4
ขย4654,3,SUV/MPV,Honda,White,CAM1,CAM4
กอ1238,2,SUV/MPV,Honda,Black/Gray,CAM1,CAM4
บร136,3,SUV/MPV,Nissan/Mitsubishi,Black/Gray,CAM1,CAM2
กต4472,2,Saloon,Honda,Black/Gray,CAM1,CAM4
กย8542,2,Saloon,Honda,White,CAM1,CAM4
8กฮ2630,2,SUV/MPV,Honda,Black/Gray,CAM1,CAM4
กอ6962,5,SUV/MPV,Nissan/Mitsubishi,White,CAM1,CAM4
กฉ2595,1,SUV/MPV,Honda,White,CAM1,CAM2
งฉ260,10,Saloon,Nissan/Mitsubishi,White,CAM1,CAM2
ขก1536,13,SUV/MPV,Honda,Black/Gray,CAM1,CAM4
กน1923,13,Saloon,Honda,Black/Gray,CAM1,CAM4
กย1575,13,SUV/MPV,Suzuki,White,CAM1,CAM2
กง3482,13,Saloon,Honda,White,CAM1,CAM6
ขค6386,10,SUV/MPV,Nissan/Mitsubishi,White,CAM1,CAM4
ขย5373,12,Saloon,Honda,Black/Gray,CAM1,CAM4
กอ9397,12,SUV/MPV,Honda,Black/Gray,CAM1,CAM2
ชอ5696,11,SUV/MPV,Nissan/Mitsubishi,Black/Gray,CAM1,CAM4
ผท4919,11,SUV/MPV,Nissan/Mitsubishi,Black/Gray,CAM1,CAM2
กท1815,11,Saloon,Honda,Black/Gray,CAM1,CAM4
4กช5966,11,SUV/MPV,Honda,White,CAM1,CAM4
กย1575,10,Saloon,Suzuki,White,CAM1,CAM2
ขค6386,6,SUV/MPV,Nissan/Mitsubishi,White,CAM1,CAM2
3กณ4834,8,Saloon,Honda,Black/Gray,CAM1,CAM4
4กม7923,8,Saloon,Honda,Black/Gray,CAM1,CAM4
ขก6673,8,Saloon,Honda,Black/Gray,CAM1,CAM4
ผต1997,6,SUV/MPV,Nissan/Mitsubishi,White,CAM1,CAM4
4กย2146,8,SUV/MPV,Honda,Black/Gray,CAM1,CAM4
บร136,7,SUV/MPV,Nissan/Mitsubishi,Black/Gray,CAM1,CAM2
กษ6292,8,Saloon,Honda,Black/Gray,CAM1,CAM4
ผฉ7256,7,SUV/MPV,Toyota,White,CAM1,CAM4
บร9456,4,Saloon,Suzuki,White,CAM1,CAM4
กม8331,12,SUV/MPV,Nissan/Mitsubishi,White,CAM1,CAM4
8กฮ2630,3,SUV/MPV,Honda,Black/Gray,CAM1,CAM4
กบ8919,13,SUV/MPV,Nissan/Mitsubishi,Black/Gray,CAM1,CAM4
กต4472,2,Saloon,Honda,Black/Gray,CAM1,CAM4
กย8542,2,Saloon,Honda,White,CAM1,CAM4
กต6778,2,Saloon,Honda,Black/Gray,CAM1,CAM2
ขย3439,2,SUV/MPV,Honda,Black/Gray,CAM1,CAM2
กย6535,1,Saloon,Honda,Black/Gray,CAM1,CAM2
ฌจ2231,14,Saloon,Honda,White,CAM1,CAM6
กย6535,1,Saloon,Honda,Black/Gray,CAM1,CAM2
กอ3451,14,Saloon,Honda,Red,CAM3,CAM4
งต4442,14,SUV/MPV,Honda,Yellow,CAM3,CAM4
1บ7240,14,Saloon,Honda,Red,CAM3,CAM4
กบ6249,14,SUV/MPV,Honda,Yellow,CAM3,CAM4
1ขฉ7832,14,Saloon,Honda,Yellow,CAM3,CAM4
กง5444,14,SUV/MPV,Honda,Red,CAM3,CAM4
กน4275,1,SUV/MPV,Honda,Red,CAM3,CAM4
กน1311,1,SUV/MPV,Honda,Yellow,CAM3,CAM4
กข1401,1,Saloon,Honda,Red,CAM3,CAM4
งข2957,1,SUV/MPV,Honda,White,CAM3,CAM4
กพ2459,2,Saloon,Honda,Red,CAM3,CAM2
ถร6422,2,Saloon,Honda,White,CAM3,CAM4
กษ6323,2,SUV/MPV,Honda,Black/Gray,CAM3,CAM4
ผฉ8178,2,SUV/MPV,Nissan/Mitsubishi,White,CAM3,CAM2
ฎน5201,2,Saloon,Honda,White,CAM3,CAM4
1ขบ7415,2,SUV/MPV,Honda,White,CAM3,CAM4
กษ5213,2,SUV/MPV,Honda,White,CAM3,CAM6
7กษ3802,2,Saloon,Honda,Red,CAM3,CAM4
กล7921,2,SUV/MPV,Honda,White,CAM3,CAM4
กน8245,2,Saloon,Honda,White,CAM3,CAM2
ฌส7521,2,Saloon,Honda,Black/Gray,CAM3,CAM4
กร5971,2,Saloon,Honda,Black/Gray,CAM3,CAM4
กท2295,2,SUV/MPV,Nissan/Mitsubishi,Black/Gray,CAM3,CAM4
กบ8212,2,Saloon,Suzuki,Red,CAM3,CAM4
กฉ9424,2,Saloon,Honda,Black/Gray,CAM3,CAM6
กบ7723,3,Saloon,Honda,White,CAM3,CAM4
กง3482,3,Saloon,Honda,White,CAM3,CAM6
กต8501,3,Saloon,Nissan/Mitsubishi,Red,CAM3,CAM4
ฆล4735,3,Saloon,Honda,White,CAM3,CAM4
งค3282,3,SUV/MPV,Honda,White,CAM3,CAM4
กษ9680,3,Saloon,Suzuki,Black/Gray,CAM3,CAM4
ขข1802,3,SUV/MPV,Honda,Black/Gray,CAM3,CAM4
กต1226,3,Saloon,Honda,Black/Gray,CAM3,CAM4
กฉ2790,3,SUV/MPV,Honda,White,CAM3,CAM4
ญค7153,3,Saloon,Honda,White,CAM3,CAM4
กธ3807,3,Saloon,Nissan/Mitsubishi,White,CAM3,CAM2
กง9869,3,SUV/MPV,Nissan/Mitsubishi,Black/Gray,CAM3,CAM4
ชร9812,3,Saloon,Honda,White,CAM3,CAM4
7กณ5207,3,SUV/MPV,Honda,White,CAM3,CAM4
2กง9412,4,SUV/MPV,Suzuki,White,CAM3,CAM4
กษ8347,4,SUV/MPV,Honda,White,CAM3,CAM2
ขง8942,4,SUV/MPV,Suzuki,White,CAM3,CAM4
4กช5966,4,SUV/MPV,Honda,White,CAM3,CAM2
8กฎ5321,4,SUV/MPV,Honda,White,CAM3,CAM2
2ขฒ5478,4,SUV/MPV,Honda,Black/Gray,CAM3,CAM4
1ขณ5490,4,SUV/MPV,Honda,White,CAM3,CAM4
กม8126,4,Saloon,Honda,Black/Gray,CAM3,CAM6
ฎอ7921,4,Saloon,Honda,White,CAM3,CAM6
กจ558,4,Saloon,Honda,White,CAM3,CAM4
กว5665,4,SUV/MPV,Honda,White,CAM3,CAM4
ขก3374,4,Saloon,Honda,White,CAM3,CAM2
ขข7567,4,SUV/MPV,Honda,Black/Gray,CAM3,CAM4
1ขฬ1015,4,SUV/MPV,Honda,White,CAM3,CAM4
1ขจ5519,5,SUV/MPV,Honda,Red,CAM3,CAM6
กฉ3651,5,Saloon,Honda,Black/Gray,CAM3,CAM4
กฉ4961,5,Saloon,Honda,Black/Gray,CAM3,CAM6
กย6275,5,SUV/MPV,Honda,White,CAM3,CAM4
1ขส7248,5,SUV/MPV,Honda,White,CAM3,CAM4
7กร2988,5,SUV/MPV,Honda,White,CAM3,CAM4
วย1103,5,SUV/MPV,Nissan/Mitsubishi,Black/Gray,CAM3,CAM4
ขก5627,5,SUV/MPV,Honda,White,CAM3,CAM4
กม7262,5,Saloon,Honda,Black/Gray,CAM3,CAM4
2กง4034,5,Saloon,Honda,White,CAM3,CAM4
ผจ1334,5,SUV/MPV,Nissan/Mitsubishi,White,CAM3,CAM4
กร1366,5,SUV/MPV,Honda,White,CAM3,CAM4
กร6263,5,Saloon,Honda,Black/Gray,CAM3,CAM4
กน8527,5,Saloon,Honda,White,CAM3,CAM4
กย3664,5,Saloon,Honda,White,CAM3,CAM4
ขก298,5,SUV/MPV,Honda,White,CAM3,CAM4
ขก6673,6,Saloon,Honda,Black/Gray,CAM3,CAM4
กย7938,6,Saloon,Nissan/Mitsubishi,Red,CAM3,CAM4
กฉ6745,6,Saloon,Honda,White,CAM3,CAM2
กษ1317,6,Saloon,Honda,White,CAM3,CAM4
กฉ2595,6,SUV/MPV,Honda,White,CAM3,CAM4
2กต2776,6,Saloon,Honda,White,CAM3,CAM4
1ขบ7415,6,SUV/MPV,Honda,White,CAM3,CAM4
กง3452,6,Saloon,Honda,White,CAM3,CAM6
ขค4583,6,Saloon,Honda,Black/Gray,CAM3,CAM4
2กช209,6,Saloon,Honda,White,CAM3,CAM6
กค2507,6,Saloon,Honda,White,CAM3,CAM4
ขธ9618,7,Saloon,Honda,Black/Gray,CAM3,CAM4
กม6715,7,SUV/MPV,Honda,Black/Gray,CAM3,CAM6
กต7694,7,Saloon,Honda,White,CAM3,CAM4
ฌส7521,7,Saloon,Honda,Black/Gray,CAM3,CAM4
ญญ5930,7,Saloon,Honda,White,CAM3,CAM4
ขย4654,7,SUV/MPV,Honda,White,CAM3,CAM4
กฉ5276,7,Saloon,Honda,Blue/Dark Blue,CAM3,CAM4
9กฒ3793,7,Saloon,Honda,White,CAM3,CAM4
ขท985,7,Saloon,Honda,Black/Gray,CAM3,CAM4
กย5328,7,SUV/MPV,Honda,White,CAM3,CAM4
5กฬ4344,7,Saloon,Honda,Black/Gray,CAM3,CAM4
กล7044,7,Saloon,Honda,White,CAM3,CAM4
2กฬ6976,7,SUV/MPV,Honda,White,CAM3,CAM4
3ขต2359,7,Saloon,Honda,Blue/Dark Blue,CAM3,CAM4
กง3474,7,Saloon,Honda,Black/Gray,CAM3,CAM4
กต854,7,SUV/MPV,Honda,Black/Gray,CAM3,CAM4
กย6054,7,Saloon,Honda,White,CAM3,CAM6
8กถ8210,7,SUV/MPV,Nissan/Mitsubishi,White,CAM3,CAM4
7กษ3802,7,Saloon,Honda,Red,CAM3,CAM4
กธ9509,7,SUV/MPV,Nissan/Mitsubishi,Black/Gray,CAM3,CAM2
ผต1997,7,SUV/MPV,Nissan/Mitsubishi,White,CAM3,CAM2
4กณ4192,8,Saloon,Honda,White,CAM3,CAM4
4กย2146,8,SUV/MPV,Honda,Black/Gray,CAM3,CAM4
ฌบ7776,8,SUV/MPV,Honda,White,CAM3,CAM4
1ฒว4263,8,SUV/MPV,Nissan/Mitsubishi,Red,CAM3,CAM4
กข5775,8,SUV/MPV,Nissan/Mitsubishi,Black/Gray,CAM3,CAM4
กว7547,8,SUV/MPV,Honda,Black/Gray,CAM3,CAM4
กน2921,8,Saloon,Honda,Black/Gray,CAM3,CAM2
ผจ9585,8,SUV/MPV,Nissan/Mitsubishi,White,CAM3,CAM4
บห3441,8,Truck,Nissan/Mitsubishi,Blue/Dark Blue,CAM3,CAM4
กบ5490,8,SUV/MPV,Honda,Black/Gray,CAM3,CAM4
กพ2608,8,Saloon,Suzuki,Black/Gray,CAM3,CAM4
กบ3450,8,Saloon,Nissan/Mitsubishi,Black/Gray,CAM3,CAM4
ขก298,8,SUV/MPV,Nissan/Mitsubishi,White,CAM3,CAM4
6กด1367,8,SUV/MPV,Nissan/Mitsubishi,White,CAM3,CAM4
2กข2331,8,Saloon,Honda,White,CAM3,CAM4
กย8550,8,Saloon,Honda,White,CAM3,CAM4
ผจ720,9,SUV/MPV,Nissan/Mitsubishi,White,CAM3,CAM2
ขข2344,9,SUV/MPV,Honda,Black/Gray,CAM3,CAM4
บม2677,9,SUV/MPV,Nissan/Mitsubishi,White,CAM3,CAM4
3ข5063,9,SUV/MPV,Honda,Black/Gray,CAM3,CAM4
1ขบ9003,9,SUV/MPV,Honda,Blue/Dark Blue,CAM3,CAM4
กท3756,9,Saloon,Honda,White,CAM3,CAM4
กน1915,9,Saloon,Honda,White,CAM3,CAM2
กบ8212,9,Saloon,Suzuki,Red,CAM3,CAM4
บพ6933,9,Saloon,Nissan/Mitsubishi,White,CAM3,CAM4
8กล7492,9,SUV/MPV,Honda,White,CAM3,CAM4
กม4376,9,Saloon,Honda,Yellow,CAM3,CAM4
ขค3422,9,SUV/MPV,Nissan/Mitsubishi,White,CAM3,CAM4
ฎฉ3944,9,Saloon,Honda,White,CAM3,CAM4
กร3013,9,Saloon,Honda,White,CAM3,CAM4
กบ5211,9,SUV/MPV,Honda,White,CAM3,CAM6
กจ6632,10,Saloon,Honda,White,CAM3,CAM6
ขก4312,10,Saloon,Honda,Black/Gray,CAM3,CAM4
6กด1367,10,SUV/MPV,Nissan/Mitsubishi,White,CAM3,CAM4
2ฒศ3986,10,SUV/MPV,Nissan/Mitsubishi,White,CAM3,CAM4
ขข8458,10,SUV/MPV,Honda,White,CAM3,CAM4
กม411,10,SUV/MPV,Honda,Black/Gray,CAM3,CAM2
กต6481,10,Saloon,Honda,White,CAM3,CAM4
บร136,10,SUV/MPV,Nissan/Mitsubishi,White,CAM3,CAM4
2กณ6194,10,SUV/MPV,Honda,Black/Gray,CAM3,CAM4
กว9733,10,Saloon,Honda,White,CAM3,CAM4
ขก2693,10,SUV/MPV,Honda,White,CAM3,CAM4
กย1800,10,SUV/MPV,Honda,White,CAM3,CAM4
7กฌ2076,10,SUV/MPV,Honda,White,CAM3,CAM4
ขข6863,10,Saloon,Honda,White,CAM3,CAM2
ผค4212,11,SUV/MPV,Nissan/Mitsubishi,White,CAM3,CAM4
ขข9812,11,Saloon,Honda,Red,CAM3,CAM4
2กต2776,11,Saloon,Honda,White,CAM3,CAM4
นข2450,11,SUV/MPV,Nissan/Mitsubishi,Black/Gray,CAM3,CAM4
กร7892,11,Saloon,Suzuki,Red,CAM3,CAM4
1ขต9274,11,Saloon,Honda,White,CAM3,CAM4
2กย2595,11,Saloon,Honda,White,CAM3,CAM4
กต2275,11,Saloon,Honda,White,CAM3,CAM4
กน4802,11,SUV/MPV,Honda,White,CAM3,CAM4
1กผ3084,11,SUV/MPV,Nissan/Mitsubishi,White,CAM3,CAM4
กท104,11,Saloon,Honda,White,CAM3,CAM4
1ขณ5490,11,SUV/MPV,Honda,White,CAM3,CAM4
งค3641,11,Saloon,Suzuki,Red,CAM3,CAM4
2กต2776,11,SUV/MPV,Honda,White,CAM3,CAM4
ผฉ7256,11,SUV/MPV,Nissan/Mitsubishi,White,CAM3,CAM4
กท8429,12,Saloon,Honda,Black/Gray,CAM3,CAM4
กอ1392,12,SUV/MPV,Honda,White,CAM3,CAM4
กอ8408,12,SUV/MPV,Honda,Black/Gray,CAM3,CAM4
5กฬ5905,12,Saloon,Honda,White,CAM3,CAM2
1ขอ2157,12,Saloon,Honda,White,CAM3,CAM4
กท2749,12,Saloon,Honda,White,CAM3,CAM4
กท852,12,Saloon,Honda,White,CAM3,CAM4
กย5352,12,Saloon,Honda,White,CAM3,CAM4
กว1738,12,SUV/MPV,Honda,Black/Gray,CAM3,CAM6
กฉ8608,12,Saloon,Honda,White,CAM3,CAM4
กล7084,12,Saloon,Honda,White,CAM3,CAM4
งค8305,12,Saloon,Nissan/Mitsubishi,White,CAM3,CAM4
กฉ3651,12,Saloon,Honda,Black/Gray,CAM3,CAM4
กร5825,12,SUV/MPV,Honda,White,CAM3,CAM4
กม442,12,Saloon,Honda,White,CAM3,CAM4
ญศ4418,12,Saloon,Honda,Black/Gray,CAM3,CAM4
ขข122,13,Saloon,Honda,White,CAM3,CAM4
กษ553,13,Saloon,Honda,Black/Gray,CAM3,CAM4
กว7547,13,SUV/MPV,Honda,Black/Gray,CAM3,CAM4
6กส7347,13,Saloon,Honda,White,CAM3,CAM4
กธ9624,13,Saloon,Suzuki,White,CAM3,CAM4
กย5103,13,Saloon,Suzuki,White,CAM3,CAM2
กต8059,13,Saloon,Honda,White,CAM3,CAM4
ขท985,13,Saloon,Honda,Black/Gray,CAM3,CAM4
2ฒอ4943,13,SUV/MPV,Nissan/Mitsubishi,White,CAM3,CAM4
กข5054,13,SUV/MPV,Honda,Black/Gray,CAM3,CAM4
ฌพ3990,13,Saloon,Honda,White,CAM3,CAM4
บร7600,13,SUV/MPV,Nissan/Mitsubishi,White,CAM3,CAM4
กก1575,13,Saloon,Suzuki,White,CAM3,CAM4
กษ8350,14,SUV/MPV,Honda,Black/Gray,CAM3,CAM4
7กศ7600,14,Saloon,Honda,White,CAM3,CAM4
1ขฉ4493,14,Saloon,Honda,White,CAM3,CAM4
กต4472,14,Saloon,Honda,Black/Gray,CAM3,CAM2
1กฌ2940,14,Saloon,Suzuki,Black/Gray,CAM3,CAM4
ญถ5056,14,Saloon,Honda,White,CAM3,CAM6
กค2946,14,SUV/MPV,Honda,Black/Gray,CAM3,CAM4
ศล7070,14,SUV/MPV,Nissan/Mitsubishi,White,CAM3,CAM4
ฆว7397,14,SUV/MPV,Nissan/Mitsubishi,White,CAM3,CAM4
กล6344,14,SUV/MPV,Honda,Yellow,CAM3,CAM4
ขว4362,14,SUV/MPV,Honda,White,CAM3,CAM4
กฉ5276,14,Saloon,Honda,Red,CAM3,CAM4
1ขท8940,14,Saloon,Honda,Red,CAM3,CAM4
ขจ7381,14,Saloon,Honda,White,CAM3,CAM2
ต33039,14,Saloon,Honda,Yellow,CAM3,CAM4
บท5117,14,SUV/MPV,Honda,Red,CAM3,CAM4
7กษ3802,1,SUV/MPV,Honda,Red,CAM3,CAM6
กพ3313,1,SUV/MPV,Honda,White,CAM3,CAM4
1กฌ2940,1,Saloon,Suzuki,Black/Gray,CAM3,CAM4
กง1753,1,Saloon,Honda,Blue/Dark Blue,CAM3,CAM4
ศล7070,1,SUV/MPV,Nissan/Mitsubishi,White,CAM3,CAM4
กต8059,1,Saloon,Honda,White,CAM3,CAM4
ญถ5056,1,Saloon,Honda,White,CAM3,CAM6
ศล7070,1,SUV/MPV,Nissan/Mitsubishi,White,CAM3,CAM4
ญถ5056,1,Saloon,Honda,Black/Gray,CAM3,CAM6
กษ6020,1,SUV/MPV,Honda,White,CAM3,CAM4
ขก5928,1,Saloon,Honda,White,CAM3,CAM4
ศล7070,1,SUV/MPV,Nissan/Mitsubishi,White,CAM3,CAM4
2ฒต1726,1,SUV/MPV,Toyota,Black/Gray,CAM3,CAM4
กต8059,1,Saloon,Honda,White,CAM3,CAM4
ขษ3557,1,SUV/MPV,Nissan/Mitsubishi,White,CAM3,CAM2
ญถ5056,1,Saloon,Honda,Black/Gray,CAM3,CAM6
กฉ1939,1,Saloon,Honda,Black/Gray,CAM3,CAM2
7กฐ9909,1,Saloon,Honda,White,CAM3,CAM4
7กษ3802,1,SUV/MPV,Honda,Red,CAM3,CAM4
ศล7070,1,SUV/MPV,Nissan/Mitsubishi,White,CAM3,CAM4
กพ3313,1,SUV/MPV,Honda,White,CAM3,CAM4
งค3641,1,Saloon,Suzuki,Red,CAM3,CAM4
กพ3313,1,SUV/MPV,Honda,White,CAM3,CAM4
ญถ5056,1,Saloon,Honda,Black/Gray,CAM3,CAM6
ศล7070,1,SUV/MPV,Nissan/Mitsubishi,White,CAM3,CAM4
ขข7763,1,Saloon,Toyota,Black/Gray,CAM3,CAM2
ญถ5056,1,Saloon,Honda,White,CAM3,CAM6
กง9921,2,Saloon,Honda,White,CAM3,CAM4
ญศ4418,2,Saloon,Honda,Black/Gray,CAM3,CAM4
ขก9115,2,Saloon,Honda,White,CAM3,CAM4
ขก5928,2,SUV/MPV,Honda,White,CAM3,CAM4
ขฉ1503,2,Saloon,Honda,White,CAM3,CAM4
กน4802,3,Saloon,Honda,White,CAM3,CAM4
ขง8942,3,Saloon,Suzuki,White,CAM3,CAM4
กพ1319,3,Saloon,Toyota,Black/Gray,CAM3,CAM4
กพ1676,3,Saloon,Suzuki,Red,CAM3,CAM4
กพ3651,3,Saloon,Suzuki,Black/Gray,CAM3,CAM4
4กม7923,5,Saloon,Honda,Black/Gray,CAM3,CAM4
1ขง4847,5,Saloon,Honda,Black/Gray,CAM3,CAM4
ขข8229,4,Saloon,Suzuki,Black/Gray,CAM3,CAM4
ขข3701,4,Saloon,Honda,White,CAM3,CAM4
งข7472,4,SUV/MPV,Honda,White,CAM3,CAM4
ขค5074,4,Saloon,Honda,White,CAM3,CAM4
บห5716,7,SUV/MPV,Nissan/Mitsubishi,Black/Gray,CAM3,CAM4
ฌฌ8870,7,Saloon,Honda,Blue/Dark Blue,CAM3,CAM4
ขข1802,7,SUV/MPV,Honda,Black/Gray,CAM3,CAM4
ขข8525,6,SUV/MPV,Honda,Black/Gray,CAM3,CAM4
2กฮ9942,6,Saloon,Honda,Black/Gray,CAM3,CAM4
บง9483,6,SUV/MPV,Nissan/Mitsubishi,Black/Gray,CAM3,CAM4
กค6333,6,SUV/MPV,Toyota,Black/Gray,CAM3,CAM4
กย7938,8,Saloon,Suzuki,Red,CAM3,CAM4
กษ8350,2,SUV/MPV,Honda,Black/Gray,CAM3,CAM4
ผธ2050,13,SUV/MPV,Toyota,Black/Gray,CAM3,CAM4
6กฒ6812,13,SUV/MPV,Honda,Red,CAM3,CAM4
1ขจ5519,13,SUV/MPV,Toyota,Red,CAM5,CAM6
ฆท2643,13,Saloon,Honda,White,CAM5,CAM4
กม442,12,Saloon,Honda,White,CAM5,CAM4
กษ5213,12,SUV/MPV,Honda,White,CAM5,CAM4
กร3460,12,Saloon,Honda,White,CAM5,CAM4
ขข4958,12,SUV/MPV,Honda,Black/Gray,CAM5,CAM4
ชฉ2725,12,Saloon,Honda,Black/Gray,CAM5,CAM4
กบ9875,12,SUV/MPV,Nissan/Mitsubishi,Black/Gray,CAM5,CAM4
กษ4764,11,SUV/MPV,Honda,Black/Gray,CAM5,CAM4
5กฬ5905,11,Saloon,Honda,White,CAM5,CAM2
ผก7509,11,SUV/MPV,Nissan/Mitsubishi,Black/Gray,CAM5,CAM4
กม7698,11,SUV/MPV,Nissan/Mitsubishi,Black/Gray,CAM5,CAM4
ขพ2243,11,SUV/MPV,Toyota,Black/Gray,CAM5,CAM4
ขค6516,10,SUV/MPV,Nissan/Mitsubishi,Yellow,CAM5,CAM6
กร9026,10,SUV/MPV,Honda,Black/Gray,CAM5,CAM4
กต2275,10,Saloon,Honda,White,CAM5,CAM4
1ขณ5490,10,SUV/MPV,Honda,White,CAM5,CAM4
กบ5186,9,SUV/MPV,Honda,Black/Gray,CAM5,CAM6
กม8126,9,Saloon,Honda,Black/Gray,CAM5,CAM4
กพ643,9,Saloon,Honda,White,CAM5,CAM4
กง7724,8,Saloon,Nissan/Mitsubishi,White,CAM5,CAM4
ขก6116,8,Saloon,Honda,Black/Gray,CAM5,CAM4
กพ3651,13,Saloon,Suzuki,Black/Gray,CAM5,CAM4
กง3452,13,Saloon,Honda,White,CAM5,CAM4
กร1492,13,Saloon,Honda,White,CAM5,CAM4
ขข8458,13,SUV/MPV,Honda,White,CAM5,CAM4
ขก912,13,Saloon,Honda,Black/Gray,CAM5,CAM4
กอ6512,13,SUV/MPV,Honda,Black/Gray,CAM5,CAM4
กค6333,12,Saloon,Honda,Black/Gray,CAM5,CAM4
ขข8722,12,Saloon,Honda,Black/Gray,CAM5,CAM4
1ขณ5490,12,SUV/MPV,Honda,White,CAM5,CAM4
กอ5558,12,Saloon,Honda,Black/Gray,CAM5,CAM4
ญญ5930,12,Saloon,Honda,White,CAM5,CAM4
2กษ7261,12,Saloon,Honda,Black/Gray,CAM5,CAM4
กง3482,12,Saloon,Honda,White,CAM5,CAM4
ขข8525,12,SUV/MPV,Nissan/Mitsubishi,Black/Gray,CAM5,CAM6
กร7892,12,Saloon,Suzuki,Red,CAM5,CAM4
กค2721,12,Saloon,Nissan/Mitsubishi,White,CAM5,CAM4
ขง8942,12,Saloon,Suzuki,White,CAM5,CAM4
กล5788,11,SUV/MPV,Honda,White,CAM5,CAM4
ขค1302,11,SUV/MPV,Nissan/Mitsubishi,Black/Gray,CAM5,CAM4
กบ892,11,Saloon,Honda,White,CAM5,CAM4
กร2282,11,Saloon,Suzuki,White,CAM5,CAM4
กน9124,11,Saloon,Honda,White,CAM5,CAM4
ขจ9097,11,Saloon,Honda,White,CAM5,CAM4
กจ5543,11,Saloon,Honda,Blue/Dark Blue,CAM5,CAM4
กว9761,11,Saloon,Suzuki,White,CAM5,CAM4
1ขว6895,10,Saloon,Honda,White,CAM5,CAM4
1ขณ5490,12,SUV/MPV,Honda,White,CAM5,CAM6
ขษ3557,12,SUV/MPV,Toyota,White,CAM5,CAM6
กต6323,12,Saloon,Honda,White,CAM5,CAM4
7กจ7043,11,Saloon,Honda,Black/Gray,CAM5,CAM4
กร3013,11,Saloon,Honda,White,CAM5,CAM4
กท6060,10,SUV/MPV,Nissan/Mitsubishi,Black/Gray,CAM5,CAM4
1กผ3084,10,SUV/MPV,Nissan/Mitsubishi,White,CAM5,CAM4
กร3013,10,Saloon,Honda,White,CAM5,CAM6
กย3664,10,Saloon,Honda,White,CAM5,CAM4
กร7892,9,Saloon,Suzuki,Red,CAM5,CAM4
กต2275,9,Saloon,Honda,White,CAM5,CAM6
ผก7509,8,SUV/MPV,Nissan/Mitsubishi,Black/Gray,CAM5,CAM6
กร284,8,SUV/MPV,Honda,Black/Gray,CAM5,CAM6
กน3055,8,Saloon,Honda,White,CAM5,CAM4
5กส8646,8,SUV/MPV,Honda,Black/Gray,CAM5,CAM4
ขย6505,7,Saloon,Suzuki,Red,CAM5,CAM4
กอ9397,7,SUV/MPV,Honda,Black/Gray,CAM5,CAM4
กต854,7,SUV/MPV,Honda,Black/Gray,CAM5,CAM2
กพ5377,5,Saloon,Honda,Blue/Dark Blue,CAM5,CAM4
กต5964,5,Saloon,Honda,Blue/Dark Blue,CAM5,CAM4
กค9676,5,Saloon,Honda,White,CAM5,CAM4
1ขณ5490,4,SUV/MPV,Honda,White,CAM5,CAM6
ขษ3557,3,SUV/MPV,Nissan/Mitsubishi,White,CAM5,CAM4
กบ5186,3,Saloon,Honda,Black/Gray,CAM5,CAM4
กษ1792,3,SUV/MPV,Honda,White,CAM5,CAM4
ชฉ2725,3,Saloon,Honda,Black/Gray,CAM5,CAM6
กย6636,3,Saloon,Honda,Green,CAM5,CAM4
กอ7606,3,Saloon,Honda,White,CAM5,CAM4
1กผ3084,3,SUV/MPV,Nissan/Mitsubishi,White,CAM5,CAM6
กร284,2,SUV/MPV,Honda,Black/Gray,CAM5,CAM4
กพ8470,12,SUV/MPV,Honda,White,CAM5,CAM4
1กผ3084,12,SUV/MPV,Nissan/Mitsubishi,White,CAM5,CAM6
กย84,12,SUV/MPV,Nissan/Mitsubishi,Blue/Dark Blue,CAM5,CAM6
กต2459,12,Saloon,Honda,Black/Gray,CAM5,CAM4
กฉ1939,11,Saloon,Honda,Blue/Dark Blue,CAM5,CAM4
กค2329,11,Saloon,Toyota,Blue/Dark Blue,CAM5,CAM4
ขค5089,11,Saloon,Honda,White,CAM5,CAM4
กบ5211,10,Saloon,Honda,White,CAM5,CAM6
1ขว6895,10,Saloon,Honda,White,CAM5,CAM4
1ขณ5490,9,SUV/MPV,Honda,White,CAM5,CAM4
ขก912,9,Saloon,Honda,Black/Gray,CAM5,CAM4
กต5668,9,Saloon,Honda,White,CAM5,CAM4
กต6323,8,Saloon,Honda,White,CAM5,CAM6
ขข61,7,Saloon,Honda,White,CAM5,CAM4
กย7914,7,SUV/MPV,Honda,Black/Gray,CAM5,CAM4
ฎอ7921,7,Saloon,Honda,White,CAM5,CAM6
กต5327,7,SUV/MPV,Honda,Black/Gray,CAM5,CAM4
1กผ3084,6,SUV/MPV,Nissan/Mitsubishi,White,CAM5,CAM6
ขข7839,5,Saloon,Honda,Blue/Dark Blue,CAM5,CAM6
ขก3569,4,SUV/MPV,Nissan/Mitsubishi,White,CAM5,CAM4
กพ5377,3,Saloon,Honda,Blue/Dark Blue,CAM5,CAM4
กธ2018,3,Saloon,Honda,Black/Gray,CAM5,CAM6
กบ5186,3,Saloon,Honda,Black/Gray,CAM5,CAM6
ขษ3557,3,SUV/MPV,Nissan/Mitsubishi,White,CAM5,CAM6
กอ7606,3,Saloon,Honda,White,CAM5,CAM6
กต6323,3,Saloon,Honda,White,CAM5,CAM6
กล4519,2,Saloon,Honda,White,CAM5,CAM4
1ขว6895,2,Saloon,Honda,White,CAM5,CAM4
กง3005,1,Saloon,Honda,White,CAM5,CAM2
กน4053,13,Saloon,Honda,Black/Gray,CAM5,CAM4
1ขจ5519,13,SUV/MPV,Toyota,Red,CAM5,CAM6
กบ9875,11,SUV/MPV,Nissan/Mitsubishi,Black/Gray,CAM5,CAM4
กพ8470,11,SUV/MPV,Honda,White,CAM5,CAM4
ขก237,11,Saloon,Honda,Black/Gray,CAM5,CAM4
กค2329,11,Saloon,Honda,Blue/Dark Blue,CAM5,CAM4
กบ6543,10,Saloon,Honda,White,CAM5,CAM4
ฎอ7921,10,Saloon,Honda,White,CAM5,CAM4
1ขว6895,10,Saloon,Honda,White,CAM5,CAM4
กง7724,10,Saloon,Nissan/Mitsubishi,White,CAM5,CAM4
งข4227,10,Saloon,Honda,Black/Gray,CAM5,CAM6
1ขณ5490,10,SUV/MPV,Honda,White,CAM5,CAM4
กน4802,9,Saloon,Honda,White,CAM5,CAM4
7กผ4074,8,Saloon,Honda,Blue/Dark Blue,CAM5,CAM4
ขษ3557,8,SUV/MPV,Toyota,White,CAM5,CAM4
ขข61,7,Saloon,Honda,White,CAM5,CAM4
กค2329,6,Saloon,Honda,Blue/Dark Blue,CAM5,CAM4
1กผ3084,6,SUV/MPV,Nissan/Mitsubishi,White,CAM5,CAM4
กย3664,6,Saloon,Honda,White,CAM5,CAM4
กต6323,6,Saloon,Honda,White,CAM5,CAM6
กค2329,6,Saloon,Honda,Blue/Dark Blue,CAM5,CAM6
กต6323,5,Saloon,Honda,White,CAM5,CAM4
กพ5377,3,Saloon,Honda,Blue/Dark Blue,CAM5,CAM4
1ขณ5490,3,SUV/MPV,Honda,White,CAM5,CAM6
กษ1792,3,SUV/MPV,Honda,White,CAM5,CAM6
ขษ3557,3,SUV/MPV,Nissan/Mitsubishi,White,CAM5,CAM4
กบ5186,3,Saloon,Honda,White,CAM5,CAM4
กย6636,3,Saloon,Honda,Green,CAM5,CAM4
กล4519,3,SUV/MPV,Honda,White,CAM5,CAM6
1กผ3084,2,SUV/MPV,Nissan/Mitsubishi,White,CAM5,CAM4
ขษ3557,12,SUV/MPV,Nissan/Mitsubishi,White,CAM5,CAM4
กม8126,11,Saloon,Honda,Black/Gray,CAM5,CAM4
กร3013,10,Saloon,Honda,White,CAM5,CAM6
กม8332,7,Saloon,Honda,Black/Gray,CAM5,CAM6
กต683,6,Saloon,Honda,Black/Gray,CAM5,CAM4
1กผ3084,4,SUV/MPV,Nissan/Mitsubishi,White,CAM5,CAM6
1ขณ5490,4,SUV/MPV,Honda,White,CAM5,CAM4
กง3005,2,Saloon,Honda,White,CAM5,CAM4
กย1575,12,Saloon,Suzuki,White,CAM5,CAM6
1ขณ5490,12,SUV/MPV,Honda,White,CAM5,CAM4
1กผ3084,10,SUV/MPV,Nissan/Mitsubishi,White,CAM5,CAM6
ฆศ2094,7,SUV/MPV,Honda,Black/Gray,CAM5,CAM2
2กพ5181,7,Saloon,Honda,Black/Gray,CAM5,CAM4
กม9252,7,Saloon,Honda,White,CAM5,CAM2
ฆท2643,6,Saloon,Honda,White,CAM5,CAM6
ญศ4418,5,Saloon,Honda,Black/Gray,CAM5,CAM4
กพ5377,3,Saloon,Honda,Blue/Dark Blue,CAM5,CAM4
ขข7839,3,Saloon,Honda,Blue/Dark Blue,CAM5,CAM4
กง3005,2,Saloon,Honda,White,CAM5,CAM4
งค3641,1,Saloon,Suzuki,Red,CAM5,CAM4
1ขจ5519,13,SUV/MPV,Toyota,Red,CAM5,CAM4
กค2721,12,Saloon,Suzuki,Blue/Dark Blue,CAM5,CAM4
กษ6292,10,Saloon,Honda,Blue/Dark Blue,CAM5,CAM4
1ขณ5490,10,SUV/MPV,Honda,White,CAM5,CAM6
กต6323,10,Saloon,Honda,White,CAM5,CAM4
กษ6323,9,SUV/MPV,Toyota,Black/Gray,CAM5,CAM4
กจ8715,8,Saloon,Honda,Black/Gray,CAM5,CAM4
ฎผ6550,8,SUV/MPV,Nissan/Mitsubishi,White,CAM5,CAM4
2กต2776,8,Saloon,Honda,White,CAM5,CAM4
1ขณ5490,6,SUV/MPV,Honda,White,CAM5,CAM6
1กผ3084,6,SUV/MPV,Nissan/Mitsubishi,White,CAM5,CAM6
กร284,6,SUV/MPV,Honda,Black/Gray,CAM5,CAM6
ขก2693,6,SUV/MPV,Ford,White,CAM5,CAM4
ผก7509,5,SUV/MPV,Nissan/Mitsubishi,Black/Gray,CAM5,CAM4
กน2921,4,Saloon,Honda,Black/Gray,CAM5,CAM4
กฉ2595,3,SUV/MPV,Honda,White,CAM5,CAM6
กบ5186,3,Saloon,Honda,Black/Gray,CAM5,CAM4
กษ1792,3,SUV/MPV,Honda,White,CAM5,CAM4
กพ5377,3,Saloon,Honda,Blue/Dark Blue,CAM5,CAM4
1กผ3084,3,SUV/MPV,Nissan/Mitsubishi,White,CAM5,CAM4
กอ7606,3,Saloon,Honda,White,CAM5,CAM4
กม8332,3,Saloon,Honda,Black/Gray,CAM5,CAM6
กบ5211,3,Saloon,Honda,White,CAM5,CAM4
กง3005,1,Saloon,Honda,White,CAM5,CAM4
กง3452,13,Saloon,Honda,White,CAM5,CAM6
กธ5969,13,Saloon,Honda,White,CAM5,CAM6
ขง8942,13,Saloon,Suzuki,White,CAM5,CAM6
7กจ7043,13,Saloon,Honda,Black/Gray,CAM5,CAM2
ญศ4418,13,Saloon,Honda,Black/Gray,CAM5,CAM6
1ขจ5519,13,SUV/MPV,Toyota,Red,CAM5,CAM4
กค2721,13,Saloon,Suzuki,White,CAM5,CAM4
กธ5969,13,Saloon,Honda,White,CAM5,CAM4
กษ6282,13,SUV/MPV,Honda,White,CAM5,CAM4
กต5668,13,Saloon,Honda,White,CAM5,CAM4
กอ2518,12,SUV/MPV,Honda,White,CAM5,CAM6
กษ1792,12,SUV/MPV,Honda,White,CAM5,CAM4
ขข4619,12,Saloon,Honda,White,CAM5,CAM6
1ขณ5490,12,SUV/MPV,Honda,White,CAM5,CAM4
กค6511,12,Saloon,Honda,Black/Gray,CAM5,CAM4
ขค1302,11,SUV/MPV,Nissan/Mitsubishi,Black/Gray,CAM5,CAM4
ขพ2243,11,SUV/MPV,Toyota,Black/Gray,CAM5,CAM4
7กฒ805,11,Saloon,Honda,Black/Gray,CAM5,CAM4
ขก3569,10,SUV/MPV,Nissan/Mitsubishi,White,CAM5,CAM4
ขจ9097,10,Saloon,Mazda,White,CAM5,CAM4
กต2275,10,Saloon,Honda,White,CAM5,CAM4
กบ5211,10,Saloon,Honda,White,CAM5,CAM4
กพ2166,9,Saloon,Honda,White,CAM5,CAM4
1กผ3084,9,SUV/MPV,Nissan/Mitsubishi,White,CAM5,CAM4
กค6333,8,Saloon,Honda,Black/Gray,CAM5,CAM6
กง3005,7,Saloon,Honda,White,CAM5,CAM4
1กผ3084,7,SUV/MPV,Nissan/Mitsubishi,White,CAM5,CAM4
2กง4034,7,Saloon,Honda,White,CAM5,CAM4
กต2275,7,Saloon,Honda,Black/Gray,CAM5,CAM4
กพ2166,6,Saloon,Honda,White,CAM5,CAM4
ขก298,5,SUV/MPV,Honda,White,CAM5,CAM4
1กผ3084,4,SUV/MPV,Nissan/Mitsubishi,White,CAM5,CAM4
ฎน3958,13,Saloon,Honda,White,CAM5,CAM6
1ขณ5490,13,SUV/MPV,Honda,White,CAM5,CAM4
กฉ6745,12,Saloon,Honda,Black/Gray,CAM5,CAM6
กต2459,12,Saloon,Honda,Black/Gray,CAM5,CAM4
กค2721,12,Saloon,Suzuki,Black/Gray,CAM5,CAM6
กบ5438,12,Saloon,Honda,Black/Gray,CAM5,CAM6
1กผ3084,11,SUV/MPV,Nissan/Mitsubishi,White,CAM5,CAM4
กย3664,11,Saloon,Honda,White,CAM5,CAM4
กฉ3532,11,Saloon,Honda,White,CAM5,CAM6
ขก912,10,Saloon,Honda,Black/Gray,CAM5,CAM4
กพ2166,10,Saloon,Honda,White,CAM5,CAM6
ฆศ2094,9,SUV/MPV,Honda,Black/Gray,CAM5,CAM2
1ขณ5490,9,SUV/MPV,Honda,White,CAM5,CAM4
ขษ3557,8,SUV/MPV,Nissan/Mitsubishi,White,CAM5,CAM2
กร7892,8,Saloon,Suzuki,Red,CAM5,CAM4
ขก298,8,SUV/MPV,Honda,White,CAM5,CAM4
กท5780,8,Saloon,Honda,White,CAM5,CAM6
1ขณ5490,8,SUV/MPV,Honda,White,CAM5,CAM4
กน3055,8,Saloon,Honda,White,CAM5,CAM4
ขข7839,7,Saloon,Honda,Blue/Dark Blue,CAM5,CAM4
ฆท2643,7,Saloon,Honda,White,CAM5,CAM4
กม6512,7,Saloon,Honda,White,CAM5,CAM10
กต5327,7,SUV/MPV,Honda,Black/Gray,CAM5,CAM4
กษ4467,7,SUV/MPV,Honda,White,CAM5,CAM4
1กผ3084,6,SUV/MPV,Nissan/Mitsubishi,White,CAM5,CAM4
กต6323,6,Saloon,Honda,White,CAM5,CAM4
กต1226,6,Saloon,Honda,Black/Gray,CAM5,CAM4
กอ6808,6,Saloon,Honda,Black/Gray,CAM5,CAM4
1ขณ5490,4,SUV/MPV,Honda,White,CAM5,CAM6
กบ5186,3,SUV/MPV,Honda,Black/Gray,CAM5,CAM4
กษ1792,3,SUV/MPV,Honda,White,CAM5,CAM6
กอ7606,3,Saloon,Honda,White,CAM5,CAM4
กพ5377,2,Saloon,Honda,Black/Gray,CAM5,CAM2
1ขณ5490,2,SUV/MPV,Honda,White,CAM5,CAM4
กง3005,1,Saloon,Honda,White,CAM5,CAM2
1ขจ5519,13,SUV/MPV,Toyota,Red,CAM5,CAM6
กร3857,1,Saloon,Nissan/Mitsubishi,Blue/Dark Blue,CAM5,CAM4
กย4715,14,Saloon,Toyota,White,CAM5,CAM2
ผก5122,5,SUV/MPV,Toyota,White,CAM5,CAM4
กษ6307,5,SUV/MPV,Nissan/Mitsubishi,White,CAM5,CAM6
ฎบ963,5,Saloon,Honda,White,CAM5,CAM6
นข5878,5,SUV/MPV,Toyota,White,CAM5,CAM4
5กต5378,5,SUV/MPV,Ford,White,CAM5,CAM6
3ฒค2764,4,SUV/MPV,Toyota,Black/Gray,CAM5,CAM4
กท3316,4,Saloon,Toyota,White,CAM5,CAM4
1ขณ5490,4,SUV/MPV,Honda,White,CAM5,CAM4
ขค6154,4,SUV/MPV,Nissan/Mitsubishi,Red,CAM5,CAM6
บค28,12,SUV/MPV,Toyota,White,CAM7,CAM4
กษ9680,12,Saloon,Honda,Blue/Dark Blue,CAM7,CAM4
กท5332,12,SUV/MPV,Nissan/Mitsubishi,Black/Gray,CAM7,CAM4
นข4780,11,SUV/MPV,Toyota,Blue/Dark Blue,CAM7,CAM4
กว8234,11,Saloon,Nissan/Mitsubishi,Red,CAM7,CAM4
ขก890,11,Saloon,Toyota,Black/Gray,CAM7,CAM4
ขร8862,10,Saloon,Honda,White,CAM7,CAM4
กฉ7063,10,Saloon,Toyota,Blue/Dark Blue,CAM7,CAM4
กฉ4961,10,SUV/MPV,Honda,Black/Gray,CAM7,CAM4
กข9960,10,Saloon,Honda,White,CAM7,CAM4
กว7917,9,Saloon,Toyota,White,CAM7,CAM2
ผจ2532,9,SUV/MPV,Nissan/Mitsubishi,White,CAM7,CAM4
กน2909,8,Saloon,Honda,Black/Gray,CAM7,CAM2
ผ9999,7,Saloon,Honda,Black/Gray,CAM7,CAM4
ขค2756,6,Saloon,Toyota,White,CAM7,CAM4
พน892,6,Saloon,Honda,Red,CAM7,CAM4
กท7637,6,Saloon,Honda,White,CAM7,CAM4
กอ4980,5,Saloon,Toyota,Black/Gray,CAM7,CAM4
ชข7306,5,Saloon,Ford,White,CAM7,CAM4
กว7917,3,Saloon,Toyota,White,CAM7,CAM4
กธ7817,3,SUV/MPV,Honda,White,CAM7,CAM4
กพ2959,2,Saloon,Toyota,White,CAM7,CAM4
กต1672,12,Saloon,Toyota,Blue/Dark Blue,CAM7,CAM4
กว6733,12,Saloon,Toyota,Black/Gray,CAM7,CAM4
กบ892,12,Saloon,Honda,White,CAM7,CAM4
กต4700,12,Saloon,Toyota,Blue/Dark Blue,CAM7,CAM6
กจ242,12,Saloon,Ford,White,CAM7,CAM4
กว6037,12,Saloon,Toyota,White,CAM7,CAM8
กย992,12,Saloon,Toyota,White,CAM7,CAM10
ผต6968,12,SUV/MPV,Toyota,White,CAM7,CAM4
กล4395,12,Saloon,Nissan/Mitsubishi,Black/Gray,CAM7,CAM4
นข4780,11,SUV/MPV,Toyota,Blue/Dark Blue,CAM7,CAM8
กย2762,11,Saloon,Toyota,Black/Gray,CAM7,CAM4
กว8234,11,Saloon,Nissan/Mitsubishi,Red,CAM7,CAM4
กง3005,10,Saloon,Honda,White,CAM7,CAM4
กบ7910,10,Saloon,Honda,White,CAM7,CAM4
กท4428,9,Saloon,Toyota,White,CAM7,CAM4
กล3679,8,Saloon,Honda,White,CAM7,CAM4
3ขช7448,8,Saloon,Toyota,Blue/Dark Blue,CAM7,CAM4
ถษ4774,8,SUV/MPV,Toyota,White,CAM7,CAM4
กธ9527,6,Saloon,Toyota,Black/Gray,CAM7,CAM4
กค3277,6,Saloon,Nissan/Mitsubishi,Red,CAM7,CAM4
พน892,6,Saloon,Honda,Red,CAM7,CAM8
กร1992,5,SUV/MPV,Honda,White,CAM7,CAM4
กว6733,5,Saloon,Toyota,Black/Gray,CAM7,CAM4
ผฉ6331,5,SUV/MPV,Toyota,White,CAM7,CAM4
7กย2434,4,SUV/MPV,Honda,White,CAM7,CAM4
ผต1608,4,SUV/MPV,Toyota,Black/Gray,CAM7,CAM6
1ขว3846,4,SUV/MPV,Honda,Black/Gray,CAM7,CAM6
กว7917,3,Saloon,Toyota,White,CAM7,CAM4
บน4487,3,Truck,Nissan/Mitsubishi,Green,CAM7,CAM4
3ขท5117,2,Saloon,Nissan/Mitsubishi,White,CAM7,CAM6
กว6733,12,Saloon,Toyota,Blue/Dark Blue,CAM7,CAM4
ขค7295,12,SUV/MPV,Toyota,White,CAM7,CAM4
กท5332,12,SUV/MPV,Nissan/Mitsubishi,Blue/Dark Blue,CAM7,CAM4
ขค3151,12,Saloon,Ford,Red,CAM7,CAM4
ผต6968,12,SUV/MPV,Toyota,White,CAM7,CAM10
กล4395,12,Saloon,Nissan/Mitsubishi,Blue/Dark Blue,CAM7,CAM4
กบ3404,12,Saloon,Nissan/Mitsubishi,White,CAM7,CAM4
นข4780,11,SUV/MPV,Toyota,Blue/Dark Blue,CAM7,CAM8
ขก6558,11,Saloon,Honda,Blue/Dark Blue,CAM7,CAM4
กว8234,11,Saloon,Nissan/Mitsubishi,Red,CAM7,CAM4
1กฉ3582,9,Saloon,Toyota,Black/Gray,CAM7,CAM6
ญฉ3964,9,Saloon,Honda,White,CAM7,CAM4
ขข7306,8,Saloon,Ford,White,CAM7,CAM4
2ขฒ8005,8,Saloon,Mazda,Blue/Dark Blue,CAM7,CAM10
ขก890,7,Saloon,Toyota,Black/Gray,CAM7,CAM4
สน9365,6,Saloon,Honda,Blue/Dark Blue,CAM7,CAM4
กร1992,5,SUV/MPV,Honda,White,CAM7,CAM4
กร6428,4,Saloon,Honda,White,CAM7,CAM4
กล5047,4,Saloon,Suzuki,White,CAM7,CAM4
กว7917,3,Saloon,Toyota,White,CAM7,CAM4
กบ9570,2,Saloon,Honda,Black/Gray,CAM7,CAM4
กษ4774,12,SUV/MPV,Toyota,White,CAM7,CAM4
2ขก5657,12,Saloon,Mazda,Blue/Dark Blue,CAM7,CAM4
กพ6545,11,SUV/MPV,Honda,Red,CAM7,CAM4
กค4700,11,Saloon,Toyota,Black/Gray,CAM7,CAM4
กว8234,11,Saloon,Nissan/Mitsubishi,Red,CAM7,CAM4
3ขฒ6362,10,SUV/MPV,Toyota,White,CAM7,CAM10
กล9473,9,SUV/MPV,Nissan/Mitsubishi,White,CAM7,CAM4
กน262,8,Saloon,Toyota,White,CAM7,CAM4
กน8349,6,Saloon,Toyota,White,CAM7,CAM4
ผต1608,5,SUV/MPV,Toyota,Black/Gray,CAM7,CAM10
กม5268,5,SUV/MPV,Toyota,Black/Gray,CAM7,CAM4
ผจ2699,5,SUV/MPV,Toyota,White,CAM7,CAM4
กบ892,12,Saloon,Honda,White,CAM7,CAM6
ผต6968,12,Saloon,Toyota,White,CAM7,CAM4
กจ8952,12,Saloon,Suzuki,White,CAM7,CAM8
นข4780,11,SUV/MPV,Toyota,Blue/Dark Blue,CAM7,CAM4
กล4395,11,Saloon,Nissan/Mitsubishi,Black/Gray,CAM7,CAM4
กว8234,11,Saloon,Nissan/Mitsubishi,Red,CAM7,CAM4
กพ2647,11,Saloon,Toyota,White,CAM7,CAM6
กพ843,11,Saloon,Toyota,White,CAM7,CAM4
ขก6558,11,Saloon,Honda,Black/Gray,CAM7,CAM4
กร294,10,Saloon,Toyota,White,CAM7,CAM4
กล2729,10,Saloon,Toyota,White,CAM7,CAM4
กน8349,10,Saloon,Toyota,White,CAM7,CAM4
กม9555,9,SUV/MPV,Honda,Black/Gray,CAM7,CAM4
กฉ7063,8,Saloon,Toyota,Black/Gray,CAM7,CAM4
กน3084,8,Saloon,Mazda,Black/Gray,CAM7,CAM4
กว9644,8,Saloon,Toyota,Red,CAM7,CAM4
ผฉ7109,6,SUV/MPV,Toyota,Black/Gray,CAM7,CAM4
ขพ2434,5,Saloon,Honda,White,CAM7,CAM10
กม6891,5,Saloon,Toyota,White,CAM7,CAM4
กษ3204,5,SUV/MPV,Toyota,White,CAM7,CAM4
กว7917,4,Saloon,Toyota,White,CAM7,CAM4
บย3815,3,Saloon,Toyota,White,CAM7,CAM4
กม7760,3,Saloon,Honda,White,CAM7,CAM4
กพ741,2,Saloon,Mazda,Black/Gray,CAM7,CAM4
กว8234,12,Saloon,Nissan/Mitsubishi,Red,CAM7,CAM4
ขจ5783,12,Saloon,Toyota,White,CAM7,CAM4
กน7923,12,Saloon,Toyota,Blue/Dark Blue,CAM7,CAM2
กร9832,12,Saloon,Mazda,White,CAM7,CAM4
ขค7123,11,Saloon,Toyota,White,CAM7,CAM4
กล4395,11,Saloon,Nissan/Mitsubishi,Black/Gray,CAM7,CAM4
กล4118,10,SUV/MPV,Honda,White,CAM7,CAM4
ผต296,9,SUV/MPV,Toyota,Blue/Dark Blue,CAM7,CAM4
ขข6866,9,SUV/MPV,Honda,White,CAM7,CAM2
ผข8073,9,SUV/MPV,Toyota,White,CAM7,CAM4
กง1263,8,Saloon,Mazda,White,CAM7,CAM6
กว6037,8,Saloon,Toyota,White,CAM7,CAM8
บค3151,7,Saloon,Ford,Red,CAM7,CAM4
กน7923,7,Saloon,Toyota,Black/Gray,CAM7,CAM2
กม7919,7,Saloon,Honda,White,CAM7,CAM4
กล328,7,Saloon,Honda,Black/Gray,CAM7,CAM4
กษ8991,6,SUV/MPV,Honda,Black/Gray,CAM7,CAM4
กอ7649,6,Saloon,Toyota,Red,CAM7,CAM6
กร7408,5,Saloon,Nissan/Mitsubishi,White,CAM7,CAM4
กร1992,5,Saloon,Honda,White,CAM7,CAM4
บล5912,5,SUV/MPV,Toyota,Black/Gray,CAM7,CAM2
6กฐ5049,5,Saloon,Toyota,White,CAM7,CAM4
กท741,3,Saloon,Mazda,Black/Gray,CAM7,CAM4
1ฒน1676,2,SUV/MPV,Toyota,Blue/Dark Blue,CAM7,CAM4
ขค5179,13,Saloon,Mazda,White,CAM7,CAM10
กต8737,11,Saloon,Toyota,Blue/Dark Blue,CAM7,CAM4
กษ1500,9,Saloon,Honda,White,CAM7,CAM4
ผต1608,9,SUV/MPV,Toyota,Black/Gray,CAM7,CAM6
3ขฒ6362,9,SUV/MPV,Toyota,White,CAM7,CAM4
ขก6558,8,Saloon,Honda,Black/Gray,CAM7,CAM6
กม9443,8,Saloon,Toyota,Black/Gray,CAM7,CAM4
ขข3823,8,Saloon,Honda,Black/Gray,CAM7,CAM4
กล328,7,Saloon,Toyota,Black/Gray,CAM7,CAM4
กท6817,6,Saloon,Suzuki,White,CAM7,CAM4
กต7899,5,Saloon,Toyota,Black/Gray,CAM7,CAM4
บข3696,5,Saloon,Toyota,Black/Gray,CAM7,CAM6
ขก890,5,Saloon,Toyota,Blue/Dark Blue,CAM7,CAM6
สน9365,4,Saloon,Honda,Blue/Dark Blue,CAM7,CAM4
กพ1694,3,Saloon,Toyota,White,CAM7,CAM4
กง9828,2,Saloon,Toyota,White,CAM7,CAM4
กพ4104,12,Saloon,Ford,White,CAM7,CAM4
กว6037,12,Saloon,Toyota,White,CAM7,CAM6
กล2729,11,Saloon,Toyota,White,CAM7,CAM4
นข5967,11,SUV/MPV,Toyota,White,CAM7,CAM4
ขก378,11,Saloon,Mazda,White,CAM7,CAM6
งข6591,11,SUV/MPV,Ford,White,CAM7,CAM8
ฌร3035,9,Saloon,Toyota,White,CAM7,CAM4
กบ706,7,Saloon,Toyota,Black/Gray,CAM7,CAM4
1ขฒ4839,7,Saloon,Toyota,White,CAM7,CAM8
ขก6558,7,Saloon,Honda,Blue/Dark Blue,CAM7,CAM4
พน892,5,Saloon,Honda,Red,CAM7,CAM4
กพ2810,5,Saloon,Honda,Blue/Dark Blue,CAM7,CAM4
กว7917,4,Saloon,Toyota,Black/Gray,CAM7,CAM4
3ขท5117,4,Saloon,Nissan/Mitsubishi,White,CAM7,CAM6
กบ8706,3,Saloon,Toyota,White,CAM7,CAM4
กฉ328,12,Saloon,Suzuki,Black/Gray,CAM7,CAM4
กต8751,12,SUV/MPV,Honda,Black/Gray,CAM7,CAM6
กจ242,12,Saloon,Ford,White,CAM7,CAM4
กม7916,12,Saloon,Honda,White,CAM7,CAM4
กห5332,12,SUV/MPV,Nissan/Mitsubishi,Black/Gray,CAM7,CAM4
กร6608,12,Saloon,Nissan/Mitsubishi,White,CAM7,CAM4
พน892,12,Saloon,Nissan/Mitsubishi,Red,CAM7,CAM10
2ขก5657,12,Saloon,Mazda,Blue/Dark Blue,CAM7,CAM4
ขย6505,12,Saloon,Suzuki,Red,CAM7,CAM2
กว6037,11,Saloon,Toyota,White,CAM7,CAM2
กว8234,11,Saloon,Nissan/Mitsubishi,Red,CAM7,CAM4
ขก6558,11,Saloon,Honda,Black/Gray,CAM7,CAM4
นข4780,11,SUV/MPV,Toyota,Blue/Dark Blue,CAM7,CAM4
กต4700,11,Saloon,Toyota,Black/Gray,CAM7,CAM4
2กภ2134,11,SUV/MPV,Toyota,Black/Gray,CAM7,CAM4
ขค6294,10,Saloon,Toyota,Red,CAM7,CAM4
กม2872,8,SUV/MPV,Toyota,Black/Gray,CAM7,CAM6
กท741,8,Saloon,Mazda,Black/Gray,CAM7,CAM4
กร1992,7,Saloon,Honda,White,CAM7,CAM4
กง9828,7,Saloon,Toyota,White,CAM7,CAM4
ผก3807,7,SUV/MPV,Toyota,White,CAM7,CAM4
ผก8064,6,Truck,Toyota,Black/Gray,CAM7,CAM8
ขค880,5,Saloon,Nissan/Mitsubishi,Red,CAM7,CAM6
3ขฒ6362,5,SUV/MPV,Toyota,White,CAM7,CAM4
ผต1608,5,SUV/MPV,Toyota,Black/Gray,CAM7,CAM4
กร1992,5,Saloon,Honda,White,CAM7,CAM4
กว7917,4,Saloon,Toyota,White,CAM7,CAM4
บล5912,3,SUV/MPV,Toyota,Black/Gray,CAM7,CAM4
กย7817,3,SUV/MPV,Honda,White,CAM7,CAM4
1ฒน1876,3,SUV/MPV,Toyota,Blue/Dark Blue,CAM7,CAM4
ขว9062,3,Saloon,Nissan/Mitsubishi,Red,CAM7,CAM8
บธ53,3,Truck,Ford,Green,CAM7,CAM8
พน892,2,Saloon,Honda,Red,CAM7,CAM4
กง9828,2,Saloon,Toyota,White,CAM7,CAM4
ถต4700,12,Saloon,Toyota,Black/Gray,CAM7,CAM4
กว8234,12,Saloon,Nissan/Mitsubishi,Red,CAM7,CAM4
กล4395,11,Saloon,Nissan/Mitsubishi,Black/Gray,CAM7,CAM4
กจ8852,11,SUV/MPV,Ford,Black/Gray,CAM7,CAM6
กพ2647,11,Saloon,Toyota,White,CAM7,CAM4
กย992,11,Saloon,Toyota,White,CAM7,CAM10
ฎฎ4486,9,Saloon,Toyota,White,CAM7,CAM4
กต313,9,Saloon,Honda,White,CAM7,CAM6
ถพ8769,8,SUV/MPV,Honda,White,CAM7,CAM4
กง9828,8,Saloon,Toyota,White,CAM7,CAM8
ขข8256,6,Saloon,Nissan/Mitsubishi,White,CAM7,CAM4
พน892,5,Saloon,Honda,Red,CAM7,CAM8
กพ7821,5,SUV/MPV,Honda,Black/Gray,CAM7,CAM4
กว7917,4,Saloon,Toyota,White,CAM7,CAM4
กค4700,3,Saloon,Toyota,Black/Gray,CAM7,CAM4
กพ2959,3,Saloon,Toyota,White,CAM7,CAM6
กท741,2,Saloon,Mazda,Black/Gray,CAM7,CAM2
กต1672,12,Saloon,Toyota,White,CAM7,CAM4
กบ721,12,Saloon,Toyota,Blue/Dark Blue,CAM7,CAM4
กว8234,12,SUV/MPV,Nissan/Mitsubishi,Red,CAM7,CAM4
นข4780,11,SUV/MPV,Toyota,Blue/Dark Blue,CAM7,CAM4
กพ2647,11,SUV/MPV,Toyota,White,CAM7,CAM4
กง9921,11,Saloon,Honda,White,CAM7,CAM4
กล328,11,Saloon,Honda,Black/Gray,CAM7,CAM4
กอ2958,10,Saloon,Mazda,White,CAM7,CAM4
ญฉ3964,10,Saloon,Honda,White,CAM7,CAM4
ขก8869,9,Saloon,Toyota,White,CAM7,CAM8
ศล7886,8,Saloon,Mazda,Green,CAM7,CAM4
ขก3360,8,Saloon,Toyota,Black/Gray,CAM7,CAM4
กพ1121,7,Saloon,Honda,White,CAM7,CAM10
กร6863,7,SUV/MPV,Honda,Black/Gray,CAM7,CAM8
กพ6545,6,Saloon,Honda,Red,CAM7,CAM4
กล7100,5,Saloon,Toyota,White,CAM7,CAM4
ผต1608,4,SUV/MPV,Toyota,Black/Gray,CAM7,CAM4
กว7917,3,Saloon,Toyota,Black/Gray,CAM7,CAM4
ขก3586,2,Saloon,Toyota,White,CAM7,CAM4
ขก6558,12,Saloon,Honda,Black/Gray,CAM7,CAM4
กล4395,12,Saloon,Nissan/Mitsubishi,Blue/Dark Blue,CAM7,CAM4
กท741,11,Saloon,Mazda,Blue/Dark Blue,CAM7,CAM4
กว6037,11,Saloon,Toyota,White,CAM7,CAM8
กร2527,10,Saloon,Honda,Black/Gray,CAM7,CAM4
2ขก5657,8,Saloon,Mazda,Black/Gray,CAM7,CAM6
นข5871,8,SUV/MPV,Toyota,White,CAM7,CAM2
กน3016,7,SUV/MPV,Toyota,Black/Gray,CAM7,CAM4
กล7151,7,Saloon,Nissan/Mitsubishi,White,CAM7,CAM4
กน8349,7,Saloon,Toyota,White,CAM7,CAM4
5กบ8452,6,SUV/MPV,Toyota,Black/Gray,CAM7,CAM4
กร6863,5,SUV/MPV,Honda,Black/Gray,CAM7,CAM4
กษ3204,5,SUV/MPV,Toyota,White,CAM7,CAM4
กร1992,5,Saloon,Honda,White,CAM7,CAM4
ผต1608,5,SUV/MPV,Toyota,Black/Gray,CAM7,CAM4
กล3476,3,Saloon,Toyota,White,CAM7,CAM6
ผห7638,3,SUV/MPV,Nissan/Mitsubishi,Green,CAM7,CAM4
กพ2959,2,Saloon,Toyota,White,CAM7,CAM6
บธ7423,13,Saloon,Toyota,Black/Gray,CAM7,CAM4
ขก887,12,Saloon,Toyota,White,CAM7,CAM4
กบ9231,11,Saloon,Ford,White,CAM7,CAM6
ขข8420,11,SUV/MPV,Toyota,White,CAM7,CAM4
ขก2462,11,Saloon,Honda,Black/Gray,CAM7,CAM4
กล4474,10,SUV/MPV,Mazda,White,CAM7,CAM2
1กฉ3582,9,Saloon,Toyota,Blue/Dark Blue,CAM7,CAM2
ขก6558,11,Saloon,Honda,Black/Gray,CAM7,CAM4
ขข6866,12,SUV/MPV,Honda,White,CAM9,CAM6
กน2921,12,SUV/MPV,Honda,Black/Gray,CAM9,CAM4
ขก1536,11,SUV/MPV,Honda,Black/Gray,CAM9,CAM4
4กร7867,8,SUV/MPV,Toyota,White,CAM9,CAM4
กม3479,8,Saloon,Honda,White,CAM9,CAM4
กธ1895,8,Saloon,Suzuki,Blue/Dark Blue,CAM9,CAM4
กจ8715,6,Saloon,Honda,Blue/Dark Blue,CAM9,CAM6
กน2921,5,Saloon,Honda,Black/Gray,CAM9,CAM4
2กพ5181,5,Saloon,Honda,Black/Gray,CAM9,CAM4
ผจ6355,3,Saloon,Honda,Black/Gray,CAM9,CAM4
กจ362,3,Saloon,Honda,Black/Gray,CAM9,CAM4
ผท4964,10,SUV/MPV,Toyota,Black/Gray,CAM9,CAM2
ขข4958,10,SUV/MPV,Honda,Black/Gray,CAM9,CAM4
กต313,9,Saloon,Honda,White,CAM9,CAM4
กฉ6745,8,Saloon,Honda,Black/Gray,CAM9,CAM2
กร3013,11,Saloon,Honda,White,CAM9,CAM4
กต313,10,Saloon,Honda,White,CAM9,CAM4
ผก7509,9,SUV/MPV,Nissan/Mitsubishi,Black/Gray,CAM9,CAM6
กร284,8,SUV/MPV,Honda,Black/Gray,CAM9,CAM6
ขข4958,5,SUV/MPV,Honda,Black/Gray,CAM9,CAM4
1ขว6895,3,SUV/MPV,Honda,White,CAM9,CAM4
กร284,3,SUV/MPV,Honda,Black/Gray,CAM9,CAM4
กง9869,11,SUV/MPV,Nissan/Mitsubishi,Blue/Dark Blue,CAM9,CAM4
ผจ6355,10,SUV/MPV,Honda,Black/Gray,CAM9,CAM4
กน2921,5,Saloon,Honda,Black/Gray,CAM9,CAM4
กย7914,5,SUV/MPV,Honda,Blue/Dark Blue,CAM9,CAM6
ขข2145,4,Saloon,Honda,White,CAM9,CAM4
กร284,3,SUV/MPV,Honda,Black/Gray,CAM9,CAM4
1ขว6895,2,SUV/MPV,Honda,White,CAM9,CAM4
กต313,2,Saloon,Honda,White,CAM9,CAM6
กย6636,12,Saloon,Suzuki,Green,CAM9,CAM4
กม442,7,Saloon,Honda,White,CAM9,CAM4
กม3479,6,Saloon,Honda,White,CAM9,CAM4
กพ5485,2,Saloon,Honda,Black/Gray,CAM9,CAM6
กย84,12,SUV/MPV,Nissan/Mitsubishi,Black/Gray,CAM9,CAM4
กษ6282,11,SUV/MPV,Honda,White,CAM9,CAM4
กร3013,10,Saloon,Honda,White,CAM9,CAM4
กม8332,10,Saloon,Honda,Black/Gray,CAM9,CAM4
กร9571,5,Saloon,Honda,Black/Gray,CAM9,CAM4
กพ5485,5,Saloon,Honda,White,CAM9,CAM4
กต2275,12,Saloon,Honda,Blue/Dark Blue,CAM9,CAM4
กค8885,10,Saloon,Ford,Black/Gray,CAM9,CAM4
กม8332,10,Saloon,Honda,Black/Gray,CAM9,CAM6
กม3479,10,Saloon,Honda,White,CAM9,CAM4
2กพ5181,9,Saloon,Honda,Black/Gray,CAM9,CAM4
กต313,8,Saloon,Honda,White,CAM9,CAM10
กต7044,4,Saloon,Honda,Black/Gray,CAM9,CAM4
2กข209,11,Saloon,Honda,White,CAM9,CAM4
กต313,11,Saloon,Honda,White,CAM9,CAM4
กษ6323,8,SUV/MPV,Honda,Black/Gray,CAM9,CAM6
กร5171,7,Saloon,Honda,Black/Gray,CAM9,CAM2
กม8332,6,Saloon,Honda,Black/Gray,CAM9,CAM4
กน2921,12,SUV/MPV,Honda,Black/Gray,CAM9,CAM6
ผธ885,11,SUV/MPV,Nissan/Mitsubishi,Black/Gray,CAM9,CAM6
กต313,10,Saloon,Honda,White,CAM9,CAM6
กพ2166,8,Saloon,Honda,White,CAM9,CAM4
ผก7509,6,SUV/MPV,Nissan/Mitsubishi,Black/Gray,CAM9,CAM6
ขข2145,5,Saloon,Honda,White,CAM9,CAM4
กพ2166,5,Saloon,Honda,White,CAM9,CAM6
กง9869,11,SUV/MPV,Nissan/Mitsubishi,Black/Gray,CAM9,CAM4
2กช209,11,Saloon,Honda,White,CAM9,CAM6
ผธ885,10,SUV/MPV,Nissan/Mitsubishi,Black/Gray,CAM9,CAM4
5กส8646,8,SUV/MPV,Honda,Blue/Dark Blue,CAM9,CAM4
กพ2166,7,Saloon,Honda,White,CAM9,CAM6
กจ362,5,Saloon,Honda,Black/Gray,CAM9,CAM4
กม7035,3,Saloon,Honda,White,CAM9,CAM4
กพ5485,3,Saloon,Honda,Black/Gray,CAM9,CAM6
กง9869,11,SUV/MPV,Nissan/Mitsubishi,Blue/Dark Blue,CAM9,CAM4
กม3479,10,Saloon,Honda,White,CAM9,CAM4
2กพ5181,10,SUV/MPV,Honda,Black/Gray,CAM9,CAM6
กพ2166,7,Saloon,Honda,White,CAM9,CAM4
กร5171,7,Saloon,Honda,Black/Gray,CAM9,CAM2
กฉ1939,6,Saloon,Honda,Black/Gray,CAM9,CAM4
5กส8646,6,SUV/MPV,Honda,Black/Gray,CAM9,CAM4
กพ5485,2,Saloon,Honda,Black/Gray,CAM9,CAM6
กง9869,11,SUV/MPV,Nissan/Mitsubishi,Blue/Dark Blue,CAM9,CAM6
5กส8646,7,SUV/MPV,Honda,Black/Gray,CAM9,CAM4
กพ643,6,Saloon,Honda,White,CAM9,CAM4
กต313,11,Saloon,Honda,White,CAM9,CAM6
9กศ4619,11,Saloon,Honda,Black/Gray,CAM9,CAM4
กจ8715,9,Saloon,Honda,Blue/Dark Blue,CAM9,CAM6
ขก6116,3,Saloon,Honda,Black/Gray,CAM9,CAM4
กฉ1939,11,Saloon,Honda,Black/Gray,CAM9,CAM6
กล7921,10,Saloon,Honda,White,CAM9,CAM4
กน2921,7,Saloon,Honda,Black/Gray,CAM9,CAM2
กจ6632,5,Saloon,Honda,Black/Gray,CAM9,CAM6
กต7044,3,Saloon,Honda,Blue/Dark Blue,CAM9,CAM6
ขข2145,11,Saloon,Honda,White,CAM9,CAM4
กจ6357,9,Saloon,Honda,Black/Gray,CAM9,CAM6
ขข4958,9,SUV/MPV,Honda,Black/Gray,CAM9,CAM2
กฉ1939,9,Saloon,Honda,Black/Gray,CAM9,CAM6
กร284,8,SUV/MPV,Honda,Black/Gray,CAM9,CAM4
กร9571,7,Saloon,Honda,Black/Gray,CAM9,CAM4
ขค7256,7,SUV/MPV,Honda,Black/Gray,CAM9,CAM4
2กช209,6,Saloon,Honda,White,CAM9,CAM6
ผก7509,6,SUV/MPV,Nissan/Mitsubishi,Black/Gray,CAM9,CAM6
กต313,5,Saloon,Honda,White,CAM9,CAM4
ผค5188,4,SUV/MPV,Toyota,White,CAM9,CAM4
กพ5485,2,Saloon,Honda,White,CAM9,CAM6
กท1160,11,Saloon,Honda,Black/Gray,CAM9,CAM2
กพ5485,11,Saloon,Honda,Blue/Dark Blue,CAM9,CAM6
กร9026,10,Saloon,Honda,Black/Gray,CAM9,CAM6
กร5171,9,Saloon,Honda,Black/Gray,CAM9,CAM2
กร284,8,SUV/MPV,Honda,Black/Gray,CAM9,CAM4
กฉ1939,7,Saloon,Honda,Black/Gray,CAM9,CAM4
กร284,4,SUV/MPV,Honda,Black/Gray,CAM9,CAM4
